Predicted,GroundTruth
REST,REST
REST,REST
AVOIDANCE,REST
REST,REST
REST,REST
REST,REST
REST,REST
DEPRECIATION,REST
REST,REST
REST,REST
REST,REST
REST,REST
REST,REST
REST,REST
STABILIZE_SELF,REST
ATTACK_OTHER,REST
REST,REST
REST,REST
REST,REST
REST,REST
REST,REST
REST,REST
REST,REST
REST,REST
REST,REST
REST,REST
ATTACK_OTHER,REST
REST,REST
REST,REST
DEPRECIATION,REST
REST,REST
REST,REST
WITHDRAWAL,REST
REST,REST
REST,REST
REST,REST
REST,REST
REST,REST
REST,REST
REST,REST
REST,REST
REST,REST
REST,REST
REST,REST
REST,REST
ATTACK_SELF,REST
REST,REST
REST,REST
REST,REST
REST,REST
REST,REST
REST,REST
REST,REST
REST,REST
REST,REST
REST,REST
DEPRECIATION,REST
STABILIZE_SELF,REST
REST,REST
REST,REST
REST,REST
REST,REST
REST,REST
REST,REST
REST,REST
REST,REST
REST,REST
REST,REST
REST,REST
REST,REST
REST,REST
REST,REST
REST,REST
REST,REST
REST,REST
REST,REST
REST,REST
REST,REST
REST,REST
REST,REST
REST,REST
ATTACK_OTHER,REST
REST,REST
REST,REST
REST,REST
DEPRECIATION,DEPRECIATION
DEPRECIATION,DEPRECIATION
DEPRECIATION,DEPRECIATION
DEPRECIATION,DEPRECIATION
ATTACK_OTHER,DEPRECIATION
DEPRECIATION,DEPRECIATION
DEPRECIATION,DEPRECIATION
DEPRECIATION,DEPRECIATION
DEPRECIATION,DEPRECIATION
DEPRECIATION,DEPRECIATION
DEPRECIATION,DEPRECIATION
DEPRECIATION,DEPRECIATION
DEPRECIATION,DEPRECIATION
DEPRECIATION,DEPRECIATION
DEPRECIATION,DEPRECIATION
DEPRECIATION,DEPRECIATION
DEPRECIATION,DEPRECIATION
DEPRECIATION,DEPRECIATION
DEPRECIATION,DEPRECIATION
DEPRECIATION,DEPRECIATION
DEPRECIATION,DEPRECIATION
DEPRECIATION,DEPRECIATION
DEPRECIATION,DEPRECIATION
DEPRECIATION,DEPRECIATION
DEPRECIATION,DEPRECIATION
REST,DEPRECIATION
DEPRECIATION,DEPRECIATION
DEPRECIATION,DEPRECIATION
DEPRECIATION,DEPRECIATION
DEPRECIATION,DEPRECIATION
DEPRECIATION,DEPRECIATION
DEPRECIATION,DEPRECIATION
DEPRECIATION,DEPRECIATION
DEPRECIATION,DEPRECIATION
DEPRECIATION,DEPRECIATION
DEPRECIATION,DEPRECIATION
DEPRECIATION,DEPRECIATION
DEPRECIATION,DEPRECIATION
DEPRECIATION,DEPRECIATION
DEPRECIATION,DEPRECIATION
DEPRECIATION,DEPRECIATION
DEPRECIATION,DEPRECIATION
DEPRECIATION,DEPRECIATION
DEPRECIATION,DEPRECIATION
DEPRECIATION,DEPRECIATION
DEPRECIATION,DEPRECIATION
DEPRECIATION,DEPRECIATION
DEPRECIATION,DEPRECIATION
DEPRECIATION,DEPRECIATION
DEPRECIATION,DEPRECIATION
DEPRECIATION,DEPRECIATION
ATTACK_OTHER,DEPRECIATION
DEPRECIATION,DEPRECIATION
DEPRECIATION,DEPRECIATION
DEPRECIATION,DEPRECIATION
DEPRECIATION,DEPRECIATION
DEPRECIATION,DEPRECIATION
DEPRECIATION,DEPRECIATION
DEPRECIATION,DEPRECIATION
DEPRECIATION,DEPRECIATION
DEPRECIATION,DEPRECIATION
DEPRECIATION,DEPRECIATION
DEPRECIATION,DEPRECIATION
DEPRECIATION,DEPRECIATION
DEPRECIATION,DEPRECIATION
DEPRECIATION,DEPRECIATION
DEPRECIATION,DEPRECIATION
DEPRECIATION,DEPRECIATION
DEPRECIATION,DEPRECIATION
DEPRECIATION,DEPRECIATION
DEPRECIATION,DEPRECIATION
DEPRECIATION,DEPRECIATION
ATTACK_OTHER,DEPRECIATION
DEPRECIATION,DEPRECIATION
DEPRECIATION,DEPRECIATION
DEPRECIATION,DEPRECIATION
ATTACK_OTHER,DEPRECIATION
DEPRECIATION,DEPRECIATION
DEPRECIATION,DEPRECIATION
STABILIZE_SELF,DEPRECIATION
DEPRECIATION,DEPRECIATION
DEPRECIATION,DEPRECIATION
DEPRECIATION,DEPRECIATION
DEPRECIATION,DEPRECIATION
DEPRECIATION,DEPRECIATION
ATTACK_SELF,DEPRECIATION
DEPRECIATION,DEPRECIATION
DEPRECIATION,DEPRECIATION
DEPRECIATION,DEPRECIATION
DEPRECIATION,DEPRECIATION
DEPRECIATION,DEPRECIATION
DEPRECIATION,DEPRECIATION
WITHDRAWAL,DEPRECIATION
DEPRECIATION,DEPRECIATION
DEPRECIATION,DEPRECIATION
DEPRECIATION,DEPRECIATION
ATTACK_SELF,DEPRECIATION
DEPRECIATION,DEPRECIATION
DEPRECIATION,DEPRECIATION
DEPRECIATION,DEPRECIATION
DEPRECIATION,DEPRECIATION
DEPRECIATION,DEPRECIATION
DEPRECIATION,DEPRECIATION
DEPRECIATION,DEPRECIATION
DEPRECIATION,DEPRECIATION
DEPRECIATION,DEPRECIATION
DEPRECIATION,DEPRECIATION
AVOIDANCE,DEPRECIATION
DEPRECIATION,DEPRECIATION
DEPRECIATION,DEPRECIATION
DEPRECIATION,DEPRECIATION
DEPRECIATION,DEPRECIATION
DEPRECIATION,DEPRECIATION
DEPRECIATION,DEPRECIATION
DEPRECIATION,DEPRECIATION
DEPRECIATION,DEPRECIATION
DEPRECIATION,DEPRECIATION
DEPRECIATION,DEPRECIATION
DEPRECIATION,DEPRECIATION
DEPRECIATION,DEPRECIATION
DEPRECIATION,DEPRECIATION
DEPRECIATION,DEPRECIATION
DEPRECIATION,DEPRECIATION
DEPRECIATION,DEPRECIATION
DEPRECIATION,DEPRECIATION
DEPRECIATION,DEPRECIATION
DEPRECIATION,DEPRECIATION
DEPRECIATION,DEPRECIATION
REST,DEPRECIATION
DEPRECIATION,DEPRECIATION
DEPRECIATION,DEPRECIATION
DEPRECIATION,DEPRECIATION
DEPRECIATION,DEPRECIATION
WITHDRAWAL,DEPRECIATION
DEPRECIATION,DEPRECIATION
DEPRECIATION,DEPRECIATION
DEPRECIATION,DEPRECIATION
DEPRECIATION,DEPRECIATION
DEPRECIATION,DEPRECIATION
DEPRECIATION,DEPRECIATION
DEPRECIATION,DEPRECIATION
DEPRECIATION,DEPRECIATION
DEPRECIATION,DEPRECIATION
DEPRECIATION,DEPRECIATION
DEPRECIATION,DEPRECIATION
DEPRECIATION,DEPRECIATION
DEPRECIATION,DEPRECIATION
DEPRECIATION,DEPRECIATION
DEPRECIATION,DEPRECIATION
DEPRECIATION,DEPRECIATION
DEPRECIATION,DEPRECIATION
DEPRECIATION,DEPRECIATION
DEPRECIATION,DEPRECIATION
DEPRECIATION,DEPRECIATION
DEPRECIATION,DEPRECIATION
DEPRECIATION,DEPRECIATION
DEPRECIATION,DEPRECIATION
DEPRECIATION,DEPRECIATION
DEPRECIATION,DEPRECIATION
DEPRECIATION,DEPRECIATION
DEPRECIATION,DEPRECIATION
DEPRECIATION,DEPRECIATION
DEPRECIATION,DEPRECIATION
DEPRECIATION,DEPRECIATION
STABILIZE_SELF,DEPRECIATION
DEPRECIATION,DEPRECIATION
DEPRECIATION,DEPRECIATION
DEPRECIATION,DEPRECIATION
REST,DEPRECIATION
DEPRECIATION,DEPRECIATION
ATTACK_SELF,ATTACK_OTHER
ATTACK_OTHER,ATTACK_OTHER
ATTACK_OTHER,ATTACK_OTHER
ATTACK_OTHER,ATTACK_OTHER
WITHDRAWAL,ATTACK_OTHER
ATTACK_OTHER,ATTACK_OTHER
ATTACK_OTHER,ATTACK_OTHER
ATTACK_OTHER,ATTACK_OTHER
ATTACK_OTHER,ATTACK_OTHER
ATTACK_OTHER,ATTACK_OTHER
ATTACK_OTHER,ATTACK_OTHER
ATTACK_SELF,ATTACK_OTHER
ATTACK_OTHER,ATTACK_OTHER
ATTACK_OTHER,ATTACK_OTHER
ATTACK_OTHER,ATTACK_OTHER
ATTACK_OTHER,ATTACK_OTHER
ATTACK_OTHER,ATTACK_OTHER
STABILIZE_SELF,ATTACK_OTHER
ATTACK_OTHER,ATTACK_OTHER
ATTACK_OTHER,ATTACK_OTHER
ATTACK_OTHER,ATTACK_OTHER
ATTACK_OTHER,ATTACK_OTHER
ATTACK_OTHER,ATTACK_OTHER
ATTACK_OTHER,ATTACK_OTHER
ATTACK_OTHER,ATTACK_OTHER
ATTACK_OTHER,ATTACK_OTHER
ATTACK_OTHER,ATTACK_OTHER
ATTACK_OTHER,ATTACK_OTHER
ATTACK_OTHER,ATTACK_OTHER
ATTACK_OTHER,ATTACK_OTHER
ATTACK_OTHER,ATTACK_OTHER
ATTACK_OTHER,ATTACK_OTHER
ATTACK_OTHER,ATTACK_OTHER
ATTACK_OTHER,ATTACK_OTHER
ATTACK_OTHER,ATTACK_OTHER
ATTACK_OTHER,ATTACK_OTHER
WITHDRAWAL,ATTACK_OTHER
DEPRECIATION,ATTACK_OTHER
ATTACK_OTHER,ATTACK_OTHER
ATTACK_OTHER,ATTACK_OTHER
ATTACK_OTHER,ATTACK_OTHER
ATTACK_OTHER,ATTACK_OTHER
ATTACK_OTHER,ATTACK_OTHER
ATTACK_OTHER,ATTACK_OTHER
WITHDRAWAL,ATTACK_OTHER
ATTACK_OTHER,ATTACK_OTHER
ATTACK_OTHER,ATTACK_OTHER
ATTACK_OTHER,ATTACK_OTHER
ATTACK_OTHER,ATTACK_OTHER
ATTACK_OTHER,ATTACK_OTHER
ATTACK_SELF,STABILIZE_SELF
STABILIZE_SELF,STABILIZE_SELF
STABILIZE_SELF,STABILIZE_SELF
STABILIZE_SELF,STABILIZE_SELF
STABILIZE_SELF,STABILIZE_SELF
STABILIZE_SELF,STABILIZE_SELF
AVOIDANCE,STABILIZE_SELF
STABILIZE_SELF,STABILIZE_SELF
WITHDRAWAL,STABILIZE_SELF
STABILIZE_SELF,STABILIZE_SELF
STABILIZE_SELF,STABILIZE_SELF
STABILIZE_SELF,STABILIZE_SELF
STABILIZE_SELF,STABILIZE_SELF
STABILIZE_SELF,STABILIZE_SELF
STABILIZE_SELF,STABILIZE_SELF
STABILIZE_SELF,STABILIZE_SELF
STABILIZE_SELF,STABILIZE_SELF
STABILIZE_SELF,STABILIZE_SELF
STABILIZE_SELF,STABILIZE_SELF
STABILIZE_SELF,STABILIZE_SELF
STABILIZE_SELF,STABILIZE_SELF
STABILIZE_SELF,STABILIZE_SELF
STABILIZE_SELF,STABILIZE_SELF
STABILIZE_SELF,STABILIZE_SELF
STABILIZE_SELF,STABILIZE_SELF
STABILIZE_SELF,STABILIZE_SELF
STABILIZE_SELF,STABILIZE_SELF
STABILIZE_SELF,STABILIZE_SELF
STABILIZE_SELF,STABILIZE_SELF
STABILIZE_SELF,STABILIZE_SELF
STABILIZE_SELF,STABILIZE_SELF
STABILIZE_SELF,STABILIZE_SELF
STABILIZE_SELF,STABILIZE_SELF
STABILIZE_SELF,STABILIZE_SELF
STABILIZE_SELF,STABILIZE_SELF
STABILIZE_SELF,STABILIZE_SELF
DEPRECIATION,STABILIZE_SELF
STABILIZE_SELF,STABILIZE_SELF
STABILIZE_SELF,STABILIZE_SELF
STABILIZE_SELF,STABILIZE_SELF
WITHDRAWAL,STABILIZE_SELF
STABILIZE_SELF,STABILIZE_SELF
STABILIZE_SELF,STABILIZE_SELF
STABILIZE_SELF,STABILIZE_SELF
STABILIZE_SELF,STABILIZE_SELF
STABILIZE_SELF,STABILIZE_SELF
STABILIZE_SELF,STABILIZE_SELF
ATTACK_SELF,STABILIZE_SELF
STABILIZE_SELF,STABILIZE_SELF
STABILIZE_SELF,STABILIZE_SELF
STABILIZE_SELF,STABILIZE_SELF
STABILIZE_SELF,STABILIZE_SELF
STABILIZE_SELF,STABILIZE_SELF
STABILIZE_SELF,STABILIZE_SELF
ATTACK_OTHER,STABILIZE_SELF
STABILIZE_SELF,STABILIZE_SELF
STABILIZE_SELF,STABILIZE_SELF
STABILIZE_SELF,STABILIZE_SELF
STABILIZE_SELF,STABILIZE_SELF
STABILIZE_SELF,STABILIZE_SELF
STABILIZE_SELF,STABILIZE_SELF
STABILIZE_SELF,STABILIZE_SELF
STABILIZE_SELF,STABILIZE_SELF
STABILIZE_SELF,STABILIZE_SELF
STABILIZE_SELF,STABILIZE_SELF
STABILIZE_SELF,STABILIZE_SELF
STABILIZE_SELF,STABILIZE_SELF
STABILIZE_SELF,STABILIZE_SELF
STABILIZE_SELF,STABILIZE_SELF
STABILIZE_SELF,STABILIZE_SELF
STABILIZE_SELF,STABILIZE_SELF
STABILIZE_SELF,STABILIZE_SELF
STABILIZE_SELF,STABILIZE_SELF
STABILIZE_SELF,STABILIZE_SELF
STABILIZE_SELF,STABILIZE_SELF
STABILIZE_SELF,STABILIZE_SELF
STABILIZE_SELF,STABILIZE_SELF
STABILIZE_SELF,STABILIZE_SELF
STABILIZE_SELF,STABILIZE_SELF
STABILIZE_SELF,STABILIZE_SELF
STABILIZE_SELF,STABILIZE_SELF
STABILIZE_SELF,STABILIZE_SELF
STABILIZE_SELF,STABILIZE_SELF
ATTACK_OTHER,STABILIZE_SELF
STABILIZE_SELF,STABILIZE_SELF
STABILIZE_SELF,STABILIZE_SELF
STABILIZE_SELF,STABILIZE_SELF
STABILIZE_SELF,STABILIZE_SELF
STABILIZE_SELF,STABILIZE_SELF
STABILIZE_SELF,STABILIZE_SELF
STABILIZE_SELF,STABILIZE_SELF
STABILIZE_SELF,STABILIZE_SELF
STABILIZE_SELF,STABILIZE_SELF
STABILIZE_SELF,STABILIZE_SELF
STABILIZE_SELF,STABILIZE_SELF
STABILIZE_SELF,STABILIZE_SELF
ATTACK_OTHER,STABILIZE_SELF
STABILIZE_SELF,STABILIZE_SELF
STABILIZE_SELF,STABILIZE_SELF
STABILIZE_SELF,STABILIZE_SELF
ATTACK_SELF,STABILIZE_SELF
STABILIZE_SELF,STABILIZE_SELF
STABILIZE_SELF,STABILIZE_SELF
STABILIZE_SELF,STABILIZE_SELF
STABILIZE_SELF,STABILIZE_SELF
REST,STABILIZE_SELF
STABILIZE_SELF,STABILIZE_SELF
AVOIDANCE,STABILIZE_SELF
STABILIZE_SELF,STABILIZE_SELF
STABILIZE_SELF,STABILIZE_SELF
STABILIZE_SELF,STABILIZE_SELF
STABILIZE_SELF,STABILIZE_SELF
STABILIZE_SELF,STABILIZE_SELF
STABILIZE_SELF,STABILIZE_SELF
STABILIZE_SELF,STABILIZE_SELF
STABILIZE_SELF,STABILIZE_SELF
STABILIZE_SELF,STABILIZE_SELF
STABILIZE_SELF,STABILIZE_SELF
DEPRECIATION,STABILIZE_SELF
STABILIZE_SELF,STABILIZE_SELF
STABILIZE_SELF,STABILIZE_SELF
ATTACK_SELF,STABILIZE_SELF
STABILIZE_SELF,STABILIZE_SELF
STABILIZE_SELF,STABILIZE_SELF
STABILIZE_SELF,STABILIZE_SELF
STABILIZE_SELF,STABILIZE_SELF
STABILIZE_SELF,STABILIZE_SELF
STABILIZE_SELF,STABILIZE_SELF
STABILIZE_SELF,STABILIZE_SELF
STABILIZE_SELF,STABILIZE_SELF
STABILIZE_SELF,STABILIZE_SELF
STABILIZE_SELF,STABILIZE_SELF
STABILIZE_SELF,STABILIZE_SELF
STABILIZE_SELF,STABILIZE_SELF
STABILIZE_SELF,STABILIZE_SELF
STABILIZE_SELF,STABILIZE_SELF
AVOIDANCE,STABILIZE_SELF
STABILIZE_SELF,STABILIZE_SELF
REST,REST
REST,REST
REST,REST
REST,REST
REST,REST
REST,REST
REST,REST
REST,REST
REST,REST
REST,REST
REST,REST
REST,REST
REST,REST
REST,REST
REST,REST
REST,REST
REST,REST
REST,REST
REST,REST
STABILIZE_SELF,REST
REST,REST
REST,REST
REST,REST
REST,REST
REST,REST
REST,REST
REST,REST
DEPRECIATION,REST
REST,REST
REST,REST
WITHDRAWAL,REST
DEPRECIATION,REST
REST,REST
REST,REST
REST,REST
REST,REST
REST,REST
REST,REST
REST,REST
REST,REST
AVOIDANCE,REST
REST,REST
REST,REST
REST,REST
REST,REST
REST,REST
REST,REST
REST,REST
REST,REST
REST,REST
REST,REST
REST,REST
AVOIDANCE,REST
ATTACK_OTHER,REST
REST,REST
REST,REST
AVOIDANCE,REST
REST,REST
REST,REST
REST,REST
REST,REST
REST,REST
REST,REST
REST,REST
REST,REST
REST,REST
REST,REST
REST,REST
REST,REST
REST,REST
REST,REST
REST,REST
REST,REST
REST,REST
REST,REST
REST,REST
REST,REST
REST,REST
REST,REST
REST,REST
REST,REST
REST,REST
REST,REST
REST,REST
AVOIDANCE,REST
REST,REST
REST,REST
REST,REST
REST,REST
WITHDRAWAL,REST
REST,REST
REST,REST
REST,REST
REST,REST
REST,REST
REST,REST
REST,REST
STABILIZE_SELF,REST
REST,REST
REST,REST
REST,REST
REST,REST
REST,REST
REST,REST
REST,REST
REST,REST
REST,REST
REST,REST
REST,REST
REST,REST
WITHDRAWAL,REST
REST,REST
REST,REST
REST,REST
REST,REST
REST,REST
REST,REST
REST,REST
REST,REST
REST,REST
AVOIDANCE,REST
REST,REST
REST,REST
REST,REST
REST,REST
REST,REST
REST,REST
REST,REST
REST,REST
REST,REST
REST,REST
REST,REST
REST,REST
REST,REST
REST,REST
REST,REST
REST,REST
REST,REST
REST,REST
REST,REST
REST,REST
REST,REST
REST,REST
REST,REST
REST,REST
STABILIZE_SELF,REST
REST,REST
REST,REST
REST,REST
REST,REST
REST,REST
REST,REST
REST,REST
REST,REST
REST,REST
REST,REST
REST,REST
REST,REST
REST,REST
REST,REST
REST,REST
REST,REST
REST,REST
REST,REST
AVOIDANCE,REST
REST,REST
REST,REST
REST,REST
REST,REST
AVOIDANCE,REST
REST,REST
REST,REST
REST,REST
REST,REST
AVOIDANCE,REST
REST,REST
DEPRECIATION,REST
REST,REST
REST,REST
REST,REST
REST,REST
REST,REST
REST,REST
REST,REST
REST,REST
REST,REST
REST,REST
REST,REST
REST,REST
ATTACK_SELF,REST
REST,REST
REST,REST
REST,REST
REST,REST
REST,REST
REST,REST
REST,REST
REST,REST
REST,REST
REST,REST
REST,REST
REST,REST
REST,REST
REST,REST
REST,REST
WITHDRAWAL,REST
REST,REST
REST,REST
REST,REST
REST,REST
REST,REST
REST,REST
STABILIZE_SELF,REST
REST,REST
REST,REST
REST,REST
REST,REST
REST,REST
REST,REST
REST,REST
REST,REST
REST,REST
REST,REST
REST,REST
REST,REST
REST,REST
REST,REST
REST,REST
REST,REST
REST,REST
REST,REST
REST,REST
REST,REST
REST,REST
REST,REST
REST,REST
REST,REST
ATTACK_OTHER,REST
REST,REST
DEPRECIATION,REST
REST,REST
STABILIZE_SELF,REST
REST,REST
REST,REST
REST,REST
REST,REST
REST,REST
REST,REST
REST,REST
WITHDRAWAL,REST
REST,REST
REST,REST
REST,REST
REST,REST
REST,REST
REST,REST
REST,REST
REST,REST
REST,REST
REST,REST
STABILIZE_SELF,STABILIZE_SELF
STABILIZE_SELF,STABILIZE_SELF
STABILIZE_SELF,STABILIZE_SELF
STABILIZE_SELF,STABILIZE_SELF
STABILIZE_SELF,STABILIZE_SELF
STABILIZE_SELF,STABILIZE_SELF
REST,STABILIZE_SELF
STABILIZE_SELF,STABILIZE_SELF
STABILIZE_SELF,STABILIZE_SELF
STABILIZE_SELF,STABILIZE_SELF
STABILIZE_SELF,STABILIZE_SELF
STABILIZE_SELF,STABILIZE_SELF
STABILIZE_SELF,STABILIZE_SELF
STABILIZE_SELF,STABILIZE_SELF
STABILIZE_SELF,STABILIZE_SELF
STABILIZE_SELF,STABILIZE_SELF
STABILIZE_SELF,STABILIZE_SELF
STABILIZE_SELF,STABILIZE_SELF
STABILIZE_SELF,STABILIZE_SELF
STABILIZE_SELF,STABILIZE_SELF
STABILIZE_SELF,STABILIZE_SELF
STABILIZE_SELF,STABILIZE_SELF
STABILIZE_SELF,STABILIZE_SELF
ATTACK_OTHER,STABILIZE_SELF
STABILIZE_SELF,STABILIZE_SELF
STABILIZE_SELF,STABILIZE_SELF
STABILIZE_SELF,STABILIZE_SELF
STABILIZE_SELF,STABILIZE_SELF
STABILIZE_SELF,STABILIZE_SELF
STABILIZE_SELF,STABILIZE_SELF
STABILIZE_SELF,STABILIZE_SELF
STABILIZE_SELF,STABILIZE_SELF
STABILIZE_SELF,STABILIZE_SELF
STABILIZE_SELF,STABILIZE_SELF
DEPRECIATION,STABILIZE_SELF
STABILIZE_SELF,STABILIZE_SELF
STABILIZE_SELF,STABILIZE_SELF
STABILIZE_SELF,STABILIZE_SELF
AVOIDANCE,STABILIZE_SELF
STABILIZE_SELF,STABILIZE_SELF
STABILIZE_SELF,STABILIZE_SELF
STABILIZE_SELF,STABILIZE_SELF
STABILIZE_SELF,STABILIZE_SELF
STABILIZE_SELF,STABILIZE_SELF
STABILIZE_SELF,STABILIZE_SELF
AVOIDANCE,STABILIZE_SELF
STABILIZE_SELF,STABILIZE_SELF
STABILIZE_SELF,STABILIZE_SELF
STABILIZE_SELF,STABILIZE_SELF
STABILIZE_SELF,STABILIZE_SELF
STABILIZE_SELF,STABILIZE_SELF
STABILIZE_SELF,STABILIZE_SELF
STABILIZE_SELF,STABILIZE_SELF
STABILIZE_SELF,STABILIZE_SELF
STABILIZE_SELF,STABILIZE_SELF
REST,STABILIZE_SELF
STABILIZE_SELF,STABILIZE_SELF
STABILIZE_SELF,STABILIZE_SELF
STABILIZE_SELF,STABILIZE_SELF
STABILIZE_SELF,STABILIZE_SELF
STABILIZE_SELF,STABILIZE_SELF
STABILIZE_SELF,STABILIZE_SELF
STABILIZE_SELF,STABILIZE_SELF
STABILIZE_SELF,STABILIZE_SELF
STABILIZE_SELF,STABILIZE_SELF
STABILIZE_SELF,STABILIZE_SELF
DEPRECIATION,STABILIZE_SELF
STABILIZE_SELF,STABILIZE_SELF
STABILIZE_SELF,STABILIZE_SELF
STABILIZE_SELF,STABILIZE_SELF
STABILIZE_SELF,STABILIZE_SELF
STABILIZE_SELF,STABILIZE_SELF
STABILIZE_SELF,STABILIZE_SELF
STABILIZE_SELF,STABILIZE_SELF
STABILIZE_SELF,STABILIZE_SELF
STABILIZE_SELF,STABILIZE_SELF
AVOIDANCE,STABILIZE_SELF
ATTACK_SELF,STABILIZE_SELF
STABILIZE_SELF,STABILIZE_SELF
STABILIZE_SELF,STABILIZE_SELF
STABILIZE_SELF,STABILIZE_SELF
STABILIZE_SELF,STABILIZE_SELF
STABILIZE_SELF,STABILIZE_SELF
STABILIZE_SELF,STABILIZE_SELF
STABILIZE_SELF,STABILIZE_SELF
AVOIDANCE,STABILIZE_SELF
STABILIZE_SELF,STABILIZE_SELF
STABILIZE_SELF,STABILIZE_SELF
STABILIZE_SELF,STABILIZE_SELF
STABILIZE_SELF,STABILIZE_SELF
STABILIZE_SELF,STABILIZE_SELF
WITHDRAWAL,STABILIZE_SELF
STABILIZE_SELF,STABILIZE_SELF
STABILIZE_SELF,STABILIZE_SELF
STABILIZE_SELF,STABILIZE_SELF
STABILIZE_SELF,STABILIZE_SELF
STABILIZE_SELF,STABILIZE_SELF
STABILIZE_SELF,STABILIZE_SELF
DEPRECIATION,STABILIZE_SELF
STABILIZE_SELF,STABILIZE_SELF
AVOIDANCE,STABILIZE_SELF
STABILIZE_SELF,STABILIZE_SELF
STABILIZE_SELF,STABILIZE_SELF
STABILIZE_SELF,STABILIZE_SELF
STABILIZE_SELF,STABILIZE_SELF
WITHDRAWAL,STABILIZE_SELF
STABILIZE_SELF,STABILIZE_SELF
STABILIZE_SELF,STABILIZE_SELF
STABILIZE_SELF,STABILIZE_SELF
STABILIZE_SELF,STABILIZE_SELF
STABILIZE_SELF,STABILIZE_SELF
STABILIZE_SELF,STABILIZE_SELF
STABILIZE_SELF,STABILIZE_SELF
STABILIZE_SELF,STABILIZE_SELF
AVOIDANCE,STABILIZE_SELF
STABILIZE_SELF,STABILIZE_SELF
STABILIZE_SELF,STABILIZE_SELF
STABILIZE_SELF,STABILIZE_SELF
STABILIZE_SELF,STABILIZE_SELF
STABILIZE_SELF,STABILIZE_SELF
STABILIZE_SELF,STABILIZE_SELF
STABILIZE_SELF,STABILIZE_SELF
STABILIZE_SELF,STABILIZE_SELF
STABILIZE_SELF,STABILIZE_SELF
STABILIZE_SELF,STABILIZE_SELF
STABILIZE_SELF,STABILIZE_SELF
AVOIDANCE,STABILIZE_SELF
STABILIZE_SELF,STABILIZE_SELF
STABILIZE_SELF,STABILIZE_SELF
STABILIZE_SELF,STABILIZE_SELF
STABILIZE_SELF,STABILIZE_SELF
STABILIZE_SELF,STABILIZE_SELF
STABILIZE_SELF,STABILIZE_SELF
STABILIZE_SELF,STABILIZE_SELF
STABILIZE_SELF,STABILIZE_SELF
DEPRECIATION,STABILIZE_SELF
STABILIZE_SELF,STABILIZE_SELF
STABILIZE_SELF,STABILIZE_SELF
STABILIZE_SELF,STABILIZE_SELF
STABILIZE_SELF,STABILIZE_SELF
STABILIZE_SELF,STABILIZE_SELF
STABILIZE_SELF,STABILIZE_SELF
STABILIZE_SELF,STABILIZE_SELF
STABILIZE_SELF,STABILIZE_SELF
STABILIZE_SELF,STABILIZE_SELF
STABILIZE_SELF,STABILIZE_SELF
STABILIZE_SELF,STABILIZE_SELF
STABILIZE_SELF,STABILIZE_SELF
DEPRECIATION,STABILIZE_SELF
STABILIZE_SELF,STABILIZE_SELF
STABILIZE_SELF,STABILIZE_SELF
STABILIZE_SELF,STABILIZE_SELF
STABILIZE_SELF,STABILIZE_SELF
ATTACK_OTHER,STABILIZE_SELF
ATTACK_SELF,STABILIZE_SELF
REST,STABILIZE_SELF
STABILIZE_SELF,STABILIZE_SELF
STABILIZE_SELF,STABILIZE_SELF
STABILIZE_SELF,STABILIZE_SELF
STABILIZE_SELF,STABILIZE_SELF
AVOIDANCE,STABILIZE_SELF
STABILIZE_SELF,STABILIZE_SELF
STABILIZE_SELF,STABILIZE_SELF
STABILIZE_SELF,STABILIZE_SELF
STABILIZE_SELF,STABILIZE_SELF
STABILIZE_SELF,STABILIZE_SELF
REST,STABILIZE_SELF
ATTACK_OTHER,STABILIZE_SELF
STABILIZE_SELF,STABILIZE_SELF
STABILIZE_SELF,STABILIZE_SELF
STABILIZE_SELF,STABILIZE_SELF
STABILIZE_SELF,STABILIZE_SELF
STABILIZE_SELF,STABILIZE_SELF
STABILIZE_SELF,STABILIZE_SELF
STABILIZE_SELF,STABILIZE_SELF
ATTACK_SELF,STABILIZE_SELF
STABILIZE_SELF,STABILIZE_SELF
STABILIZE_SELF,STABILIZE_SELF
STABILIZE_SELF,STABILIZE_SELF
REST,STABILIZE_SELF
STABILIZE_SELF,STABILIZE_SELF
STABILIZE_SELF,STABILIZE_SELF
WITHDRAWAL,STABILIZE_SELF
STABILIZE_SELF,STABILIZE_SELF
STABILIZE_SELF,STABILIZE_SELF
STABILIZE_SELF,STABILIZE_SELF
STABILIZE_SELF,STABILIZE_SELF
STABILIZE_SELF,STABILIZE_SELF
STABILIZE_SELF,STABILIZE_SELF
STABILIZE_SELF,STABILIZE_SELF
STABILIZE_SELF,STABILIZE_SELF
STABILIZE_SELF,STABILIZE_SELF
STABILIZE_SELF,STABILIZE_SELF
STABILIZE_SELF,STABILIZE_SELF
STABILIZE_SELF,STABILIZE_SELF
STABILIZE_SELF,STABILIZE_SELF
STABILIZE_SELF,STABILIZE_SELF
STABILIZE_SELF,STABILIZE_SELF
STABILIZE_SELF,STABILIZE_SELF
STABILIZE_SELF,STABILIZE_SELF
STABILIZE_SELF,STABILIZE_SELF
STABILIZE_SELF,STABILIZE_SELF
STABILIZE_SELF,STABILIZE_SELF
STABILIZE_SELF,STABILIZE_SELF
STABILIZE_SELF,STABILIZE_SELF
STABILIZE_SELF,STABILIZE_SELF
STABILIZE_SELF,STABILIZE_SELF
STABILIZE_SELF,STABILIZE_SELF
STABILIZE_SELF,STABILIZE_SELF
STABILIZE_SELF,STABILIZE_SELF
STABILIZE_SELF,STABILIZE_SELF
STABILIZE_SELF,STABILIZE_SELF
STABILIZE_SELF,STABILIZE_SELF
ATTACK_SELF,STABILIZE_SELF
STABILIZE_SELF,STABILIZE_SELF
STABILIZE_SELF,STABILIZE_SELF
STABILIZE_SELF,STABILIZE_SELF
STABILIZE_SELF,STABILIZE_SELF
STABILIZE_SELF,STABILIZE_SELF
STABILIZE_SELF,STABILIZE_SELF
STABILIZE_SELF,STABILIZE_SELF
STABILIZE_SELF,STABILIZE_SELF
STABILIZE_SELF,STABILIZE_SELF
STABILIZE_SELF,STABILIZE_SELF
STABILIZE_SELF,STABILIZE_SELF
STABILIZE_SELF,STABILIZE_SELF
STABILIZE_SELF,STABILIZE_SELF
STABILIZE_SELF,STABILIZE_SELF
STABILIZE_SELF,STABILIZE_SELF
STABILIZE_SELF,STABILIZE_SELF
STABILIZE_SELF,STABILIZE_SELF
STABILIZE_SELF,STABILIZE_SELF
STABILIZE_SELF,STABILIZE_SELF
STABILIZE_SELF,STABILIZE_SELF
STABILIZE_SELF,STABILIZE_SELF
STABILIZE_SELF,STABILIZE_SELF
STABILIZE_SELF,STABILIZE_SELF
STABILIZE_SELF,STABILIZE_SELF
STABILIZE_SELF,STABILIZE_SELF
STABILIZE_SELF,STABILIZE_SELF
STABILIZE_SELF,STABILIZE_SELF
STABILIZE_SELF,STABILIZE_SELF
STABILIZE_SELF,STABILIZE_SELF
AVOIDANCE,STABILIZE_SELF
STABILIZE_SELF,STABILIZE_SELF
STABILIZE_SELF,STABILIZE_SELF
STABILIZE_SELF,STABILIZE_SELF
STABILIZE_SELF,STABILIZE_SELF
STABILIZE_SELF,STABILIZE_SELF
STABILIZE_SELF,STABILIZE_SELF
STABILIZE_SELF,STABILIZE_SELF
STABILIZE_SELF,STABILIZE_SELF
STABILIZE_SELF,STABILIZE_SELF
DEPRECIATION,STABILIZE_SELF
STABILIZE_SELF,STABILIZE_SELF
STABILIZE_SELF,STABILIZE_SELF
STABILIZE_SELF,STABILIZE_SELF
ATTACK_OTHER,STABILIZE_SELF
STABILIZE_SELF,STABILIZE_SELF
STABILIZE_SELF,STABILIZE_SELF
STABILIZE_SELF,STABILIZE_SELF
STABILIZE_SELF,STABILIZE_SELF
STABILIZE_SELF,STABILIZE_SELF
STABILIZE_SELF,STABILIZE_SELF
STABILIZE_SELF,STABILIZE_SELF
STABILIZE_SELF,STABILIZE_SELF
STABILIZE_SELF,STABILIZE_SELF
STABILIZE_SELF,STABILIZE_SELF
STABILIZE_SELF,STABILIZE_SELF
STABILIZE_SELF,STABILIZE_SELF
STABILIZE_SELF,STABILIZE_SELF
STABILIZE_SELF,STABILIZE_SELF
STABILIZE_SELF,STABILIZE_SELF
STABILIZE_SELF,STABILIZE_SELF
STABILIZE_SELF,STABILIZE_SELF
STABILIZE_SELF,STABILIZE_SELF
STABILIZE_SELF,STABILIZE_SELF
STABILIZE_SELF,STABILIZE_SELF
STABILIZE_SELF,STABILIZE_SELF
STABILIZE_SELF,STABILIZE_SELF
ATTACK_SELF,STABILIZE_SELF
STABILIZE_SELF,STABILIZE_SELF
STABILIZE_SELF,STABILIZE_SELF
STABILIZE_SELF,STABILIZE_SELF
STABILIZE_SELF,STABILIZE_SELF
STABILIZE_SELF,STABILIZE_SELF
STABILIZE_SELF,STABILIZE_SELF
STABILIZE_SELF,STABILIZE_SELF
STABILIZE_SELF,STABILIZE_SELF
STABILIZE_SELF,STABILIZE_SELF
STABILIZE_SELF,STABILIZE_SELF
AVOIDANCE,STABILIZE_SELF
STABILIZE_SELF,STABILIZE_SELF
STABILIZE_SELF,STABILIZE_SELF
STABILIZE_SELF,STABILIZE_SELF
STABILIZE_SELF,STABILIZE_SELF
STABILIZE_SELF,STABILIZE_SELF
STABILIZE_SELF,STABILIZE_SELF
STABILIZE_SELF,STABILIZE_SELF
STABILIZE_SELF,STABILIZE_SELF
STABILIZE_SELF,STABILIZE_SELF
STABILIZE_SELF,STABILIZE_SELF
DEPRECIATION,STABILIZE_SELF
STABILIZE_SELF,STABILIZE_SELF
STABILIZE_SELF,STABILIZE_SELF
STABILIZE_SELF,STABILIZE_SELF
STABILIZE_SELF,STABILIZE_SELF
STABILIZE_SELF,STABILIZE_SELF
STABILIZE_SELF,STABILIZE_SELF
STABILIZE_SELF,STABILIZE_SELF
STABILIZE_SELF,STABILIZE_SELF
STABILIZE_SELF,STABILIZE_SELF
STABILIZE_SELF,STABILIZE_SELF
STABILIZE_SELF,STABILIZE_SELF
STABILIZE_SELF,STABILIZE_SELF
STABILIZE_SELF,STABILIZE_SELF
STABILIZE_SELF,STABILIZE_SELF
STABILIZE_SELF,STABILIZE_SELF
STABILIZE_SELF,STABILIZE_SELF
AVOIDANCE,STABILIZE_SELF
STABILIZE_SELF,STABILIZE_SELF
STABILIZE_SELF,STABILIZE_SELF
STABILIZE_SELF,STABILIZE_SELF
STABILIZE_SELF,STABILIZE_SELF
AVOIDANCE,STABILIZE_SELF
STABILIZE_SELF,STABILIZE_SELF
STABILIZE_SELF,STABILIZE_SELF
STABILIZE_SELF,STABILIZE_SELF
STABILIZE_SELF,STABILIZE_SELF
STABILIZE_SELF,STABILIZE_SELF
STABILIZE_SELF,STABILIZE_SELF
STABILIZE_SELF,STABILIZE_SELF
STABILIZE_SELF,STABILIZE_SELF
STABILIZE_SELF,STABILIZE_SELF
STABILIZE_SELF,STABILIZE_SELF
STABILIZE_SELF,STABILIZE_SELF
STABILIZE_SELF,STABILIZE_SELF
AVOIDANCE,STABILIZE_SELF
STABILIZE_SELF,STABILIZE_SELF
STABILIZE_SELF,STABILIZE_SELF
STABILIZE_SELF,STABILIZE_SELF
STABILIZE_SELF,STABILIZE_SELF
WITHDRAWAL,STABILIZE_SELF
STABILIZE_SELF,STABILIZE_SELF
STABILIZE_SELF,STABILIZE_SELF
DEPRECIATION,STABILIZE_SELF
STABILIZE_SELF,STABILIZE_SELF
STABILIZE_SELF,STABILIZE_SELF
STABILIZE_SELF,STABILIZE_SELF
STABILIZE_SELF,STABILIZE_SELF
STABILIZE_SELF,STABILIZE_SELF
STABILIZE_SELF,STABILIZE_SELF
WITHDRAWAL,STABILIZE_SELF
STABILIZE_SELF,STABILIZE_SELF
STABILIZE_SELF,STABILIZE_SELF
STABILIZE_SELF,STABILIZE_SELF
STABILIZE_SELF,STABILIZE_SELF
DEPRECIATION,STABILIZE_SELF
STABILIZE_SELF,STABILIZE_SELF
STABILIZE_SELF,STABILIZE_SELF
STABILIZE_SELF,STABILIZE_SELF
STABILIZE_SELF,STABILIZE_SELF
STABILIZE_SELF,STABILIZE_SELF
STABILIZE_SELF,STABILIZE_SELF
STABILIZE_SELF,STABILIZE_SELF
STABILIZE_SELF,STABILIZE_SELF
STABILIZE_SELF,STABILIZE_SELF
STABILIZE_SELF,STABILIZE_SELF
STABILIZE_SELF,STABILIZE_SELF
STABILIZE_SELF,STABILIZE_SELF
STABILIZE_SELF,STABILIZE_SELF
STABILIZE_SELF,STABILIZE_SELF
STABILIZE_SELF,STABILIZE_SELF
STABILIZE_SELF,STABILIZE_SELF
STABILIZE_SELF,STABILIZE_SELF
STABILIZE_SELF,STABILIZE_SELF
STABILIZE_SELF,STABILIZE_SELF
STABILIZE_SELF,STABILIZE_SELF
STABILIZE_SELF,STABILIZE_SELF
STABILIZE_SELF,STABILIZE_SELF
STABILIZE_SELF,STABILIZE_SELF
STABILIZE_SELF,STABILIZE_SELF
STABILIZE_SELF,STABILIZE_SELF
STABILIZE_SELF,STABILIZE_SELF
STABILIZE_SELF,STABILIZE_SELF
STABILIZE_SELF,STABILIZE_SELF
STABILIZE_SELF,STABILIZE_SELF
STABILIZE_SELF,STABILIZE_SELF
STABILIZE_SELF,STABILIZE_SELF
STABILIZE_SELF,STABILIZE_SELF
STABILIZE_SELF,STABILIZE_SELF
STABILIZE_SELF,STABILIZE_SELF
AVOIDANCE,STABILIZE_SELF
STABILIZE_SELF,STABILIZE_SELF
STABILIZE_SELF,STABILIZE_SELF
STABILIZE_SELF,STABILIZE_SELF
STABILIZE_SELF,STABILIZE_SELF
STABILIZE_SELF,STABILIZE_SELF
STABILIZE_SELF,STABILIZE_SELF
REST,STABILIZE_SELF
STABILIZE_SELF,STABILIZE_SELF
ATTACK_OTHER,STABILIZE_SELF
STABILIZE_SELF,STABILIZE_SELF
STABILIZE_SELF,STABILIZE_SELF
STABILIZE_SELF,STABILIZE_SELF
STABILIZE_SELF,STABILIZE_SELF
ATTACK_OTHER,STABILIZE_SELF
STABILIZE_SELF,STABILIZE_SELF
STABILIZE_SELF,STABILIZE_SELF
STABILIZE_SELF,STABILIZE_SELF
STABILIZE_SELF,STABILIZE_SELF
DEPRECIATION,STABILIZE_SELF
STABILIZE_SELF,STABILIZE_SELF
STABILIZE_SELF,STABILIZE_SELF
ATTACK_OTHER,STABILIZE_SELF
DEPRECIATION,STABILIZE_SELF
REST,STABILIZE_SELF
STABILIZE_SELF,STABILIZE_SELF
STABILIZE_SELF,STABILIZE_SELF
STABILIZE_SELF,STABILIZE_SELF
ATTACK_OTHER,STABILIZE_SELF
STABILIZE_SELF,STABILIZE_SELF
STABILIZE_SELF,STABILIZE_SELF
ATTACK_SELF,STABILIZE_SELF
STABILIZE_SELF,STABILIZE_SELF
STABILIZE_SELF,STABILIZE_SELF
STABILIZE_SELF,STABILIZE_SELF
STABILIZE_SELF,STABILIZE_SELF
STABILIZE_SELF,STABILIZE_SELF
STABILIZE_SELF,STABILIZE_SELF
STABILIZE_SELF,STABILIZE_SELF
STABILIZE_SELF,STABILIZE_SELF
STABILIZE_SELF,STABILIZE_SELF
STABILIZE_SELF,STABILIZE_SELF
STABILIZE_SELF,STABILIZE_SELF
AVOIDANCE,STABILIZE_SELF
STABILIZE_SELF,STABILIZE_SELF
STABILIZE_SELF,STABILIZE_SELF
STABILIZE_SELF,STABILIZE_SELF
STABILIZE_SELF,STABILIZE_SELF
STABILIZE_SELF,STABILIZE_SELF
STABILIZE_SELF,STABILIZE_SELF
STABILIZE_SELF,STABILIZE_SELF
STABILIZE_SELF,STABILIZE_SELF
STABILIZE_SELF,STABILIZE_SELF
STABILIZE_SELF,STABILIZE_SELF
STABILIZE_SELF,STABILIZE_SELF
DEPRECIATION,STABILIZE_SELF
STABILIZE_SELF,STABILIZE_SELF
STABILIZE_SELF,STABILIZE_SELF
STABILIZE_SELF,STABILIZE_SELF
STABILIZE_SELF,STABILIZE_SELF
STABILIZE_SELF,STABILIZE_SELF
DEPRECIATION,STABILIZE_SELF
STABILIZE_SELF,STABILIZE_SELF
STABILIZE_SELF,STABILIZE_SELF
STABILIZE_SELF,STABILIZE_SELF
STABILIZE_SELF,STABILIZE_SELF
STABILIZE_SELF,STABILIZE_SELF
STABILIZE_SELF,STABILIZE_SELF
STABILIZE_SELF,STABILIZE_SELF
STABILIZE_SELF,STABILIZE_SELF
STABILIZE_SELF,STABILIZE_SELF
STABILIZE_SELF,STABILIZE_SELF
STABILIZE_SELF,STABILIZE_SELF
STABILIZE_SELF,STABILIZE_SELF
STABILIZE_SELF,STABILIZE_SELF
STABILIZE_SELF,STABILIZE_SELF
STABILIZE_SELF,STABILIZE_SELF
STABILIZE_SELF,STABILIZE_SELF
STABILIZE_SELF,STABILIZE_SELF
DEPRECIATION,STABILIZE_SELF
STABILIZE_SELF,STABILIZE_SELF
STABILIZE_SELF,STABILIZE_SELF
STABILIZE_SELF,STABILIZE_SELF
STABILIZE_SELF,STABILIZE_SELF
STABILIZE_SELF,STABILIZE_SELF
STABILIZE_SELF,STABILIZE_SELF
AVOIDANCE,STABILIZE_SELF
STABILIZE_SELF,STABILIZE_SELF
STABILIZE_SELF,STABILIZE_SELF
STABILIZE_SELF,STABILIZE_SELF
STABILIZE_SELF,STABILIZE_SELF
STABILIZE_SELF,STABILIZE_SELF
STABILIZE_SELF,STABILIZE_SELF
STABILIZE_SELF,STABILIZE_SELF
AVOIDANCE,STABILIZE_SELF
STABILIZE_SELF,STABILIZE_SELF
WITHDRAWAL,STABILIZE_SELF
STABILIZE_SELF,STABILIZE_SELF
STABILIZE_SELF,STABILIZE_SELF
STABILIZE_SELF,STABILIZE_SELF
STABILIZE_SELF,STABILIZE_SELF
STABILIZE_SELF,STABILIZE_SELF
STABILIZE_SELF,STABILIZE_SELF
STABILIZE_SELF,STABILIZE_SELF
STABILIZE_SELF,STABILIZE_SELF
STABILIZE_SELF,STABILIZE_SELF
STABILIZE_SELF,STABILIZE_SELF
STABILIZE_SELF,STABILIZE_SELF
STABILIZE_SELF,STABILIZE_SELF
STABILIZE_SELF,STABILIZE_SELF
STABILIZE_SELF,STABILIZE_SELF
STABILIZE_SELF,STABILIZE_SELF
STABILIZE_SELF,STABILIZE_SELF
STABILIZE_SELF,STABILIZE_SELF
STABILIZE_SELF,STABILIZE_SELF
STABILIZE_SELF,STABILIZE_SELF
STABILIZE_SELF,STABILIZE_SELF
STABILIZE_SELF,STABILIZE_SELF
STABILIZE_SELF,STABILIZE_SELF
STABILIZE_SELF,STABILIZE_SELF
STABILIZE_SELF,STABILIZE_SELF
STABILIZE_SELF,STABILIZE_SELF
STABILIZE_SELF,STABILIZE_SELF
STABILIZE_SELF,STABILIZE_SELF
STABILIZE_SELF,STABILIZE_SELF
STABILIZE_SELF,STABILIZE_SELF
STABILIZE_SELF,STABILIZE_SELF
STABILIZE_SELF,STABILIZE_SELF
STABILIZE_SELF,STABILIZE_SELF
STABILIZE_SELF,STABILIZE_SELF
STABILIZE_SELF,STABILIZE_SELF
STABILIZE_SELF,STABILIZE_SELF
STABILIZE_SELF,STABILIZE_SELF
STABILIZE_SELF,STABILIZE_SELF
STABILIZE_SELF,STABILIZE_SELF
STABILIZE_SELF,STABILIZE_SELF
STABILIZE_SELF,STABILIZE_SELF
STABILIZE_SELF,STABILIZE_SELF
STABILIZE_SELF,STABILIZE_SELF
STABILIZE_SELF,STABILIZE_SELF
STABILIZE_SELF,STABILIZE_SELF
ATTACK_OTHER,STABILIZE_SELF
DEPRECIATION,STABILIZE_SELF
STABILIZE_SELF,STABILIZE_SELF
STABILIZE_SELF,STABILIZE_SELF
STABILIZE_SELF,STABILIZE_SELF
STABILIZE_SELF,STABILIZE_SELF
STABILIZE_SELF,STABILIZE_SELF
DEPRECIATION,STABILIZE_SELF
STABILIZE_SELF,STABILIZE_SELF
STABILIZE_SELF,STABILIZE_SELF
STABILIZE_SELF,STABILIZE_SELF
STABILIZE_SELF,STABILIZE_SELF
STABILIZE_SELF,STABILIZE_SELF
STABILIZE_SELF,STABILIZE_SELF
STABILIZE_SELF,STABILIZE_SELF
STABILIZE_SELF,STABILIZE_SELF
STABILIZE_SELF,STABILIZE_SELF
STABILIZE_SELF,STABILIZE_SELF
ATTACK_SELF,STABILIZE_SELF
STABILIZE_SELF,STABILIZE_SELF
STABILIZE_SELF,STABILIZE_SELF
STABILIZE_SELF,STABILIZE_SELF
STABILIZE_SELF,STABILIZE_SELF
STABILIZE_SELF,STABILIZE_SELF
STABILIZE_SELF,STABILIZE_SELF
AVOIDANCE,STABILIZE_SELF
STABILIZE_SELF,STABILIZE_SELF
REST,STABILIZE_SELF
STABILIZE_SELF,STABILIZE_SELF
STABILIZE_SELF,STABILIZE_SELF
STABILIZE_SELF,STABILIZE_SELF
STABILIZE_SELF,STABILIZE_SELF
STABILIZE_SELF,STABILIZE_SELF
STABILIZE_SELF,STABILIZE_SELF
ATTACK_OTHER,STABILIZE_SELF
STABILIZE_SELF,STABILIZE_SELF
STABILIZE_SELF,STABILIZE_SELF
STABILIZE_SELF,STABILIZE_SELF
ATTACK_OTHER,STABILIZE_SELF
STABILIZE_SELF,STABILIZE_SELF
STABILIZE_SELF,STABILIZE_SELF
STABILIZE_SELF,STABILIZE_SELF
STABILIZE_SELF,STABILIZE_SELF
STABILIZE_SELF,STABILIZE_SELF
STABILIZE_SELF,STABILIZE_SELF
STABILIZE_SELF,STABILIZE_SELF
STABILIZE_SELF,STABILIZE_SELF
STABILIZE_SELF,STABILIZE_SELF
STABILIZE_SELF,STABILIZE_SELF
STABILIZE_SELF,STABILIZE_SELF
STABILIZE_SELF,STABILIZE_SELF
STABILIZE_SELF,STABILIZE_SELF
STABILIZE_SELF,STABILIZE_SELF
ATTACK_OTHER,STABILIZE_SELF
STABILIZE_SELF,STABILIZE_SELF
STABILIZE_SELF,STABILIZE_SELF
AVOIDANCE,STABILIZE_SELF
STABILIZE_SELF,STABILIZE_SELF
STABILIZE_SELF,STABILIZE_SELF
STABILIZE_SELF,STABILIZE_SELF
STABILIZE_SELF,STABILIZE_SELF
STABILIZE_SELF,STABILIZE_SELF
STABILIZE_SELF,STABILIZE_SELF
STABILIZE_SELF,STABILIZE_SELF
STABILIZE_SELF,STABILIZE_SELF
STABILIZE_SELF,STABILIZE_SELF
STABILIZE_SELF,STABILIZE_SELF
STABILIZE_SELF,STABILIZE_SELF
STABILIZE_SELF,STABILIZE_SELF
STABILIZE_SELF,STABILIZE_SELF
STABILIZE_SELF,STABILIZE_SELF
DEPRECIATION,STABILIZE_SELF
STABILIZE_SELF,STABILIZE_SELF
STABILIZE_SELF,STABILIZE_SELF
DEPRECIATION,STABILIZE_SELF
STABILIZE_SELF,STABILIZE_SELF
STABILIZE_SELF,STABILIZE_SELF
STABILIZE_SELF,STABILIZE_SELF
STABILIZE_SELF,STABILIZE_SELF
STABILIZE_SELF,STABILIZE_SELF
STABILIZE_SELF,STABILIZE_SELF
STABILIZE_SELF,STABILIZE_SELF
STABILIZE_SELF,STABILIZE_SELF
STABILIZE_SELF,STABILIZE_SELF
STABILIZE_SELF,STABILIZE_SELF
ATTACK_SELF,STABILIZE_SELF
STABILIZE_SELF,STABILIZE_SELF
STABILIZE_SELF,STABILIZE_SELF
STABILIZE_SELF,STABILIZE_SELF
DEPRECIATION,STABILIZE_SELF
STABILIZE_SELF,STABILIZE_SELF
STABILIZE_SELF,STABILIZE_SELF
STABILIZE_SELF,STABILIZE_SELF
STABILIZE_SELF,STABILIZE_SELF
STABILIZE_SELF,STABILIZE_SELF
STABILIZE_SELF,STABILIZE_SELF
STABILIZE_SELF,STABILIZE_SELF
STABILIZE_SELF,STABILIZE_SELF
STABILIZE_SELF,STABILIZE_SELF
STABILIZE_SELF,STABILIZE_SELF
STABILIZE_SELF,STABILIZE_SELF
STABILIZE_SELF,STABILIZE_SELF
STABILIZE_SELF,STABILIZE_SELF
STABILIZE_SELF,STABILIZE_SELF
STABILIZE_SELF,STABILIZE_SELF
STABILIZE_SELF,STABILIZE_SELF
STABILIZE_SELF,STABILIZE_SELF
STABILIZE_SELF,STABILIZE_SELF
STABILIZE_SELF,STABILIZE_SELF
STABILIZE_SELF,STABILIZE_SELF
STABILIZE_SELF,STABILIZE_SELF
STABILIZE_SELF,STABILIZE_SELF
STABILIZE_SELF,STABILIZE_SELF
STABILIZE_SELF,STABILIZE_SELF
STABILIZE_SELF,STABILIZE_SELF
STABILIZE_SELF,STABILIZE_SELF
STABILIZE_SELF,STABILIZE_SELF
STABILIZE_SELF,STABILIZE_SELF
STABILIZE_SELF,STABILIZE_SELF
STABILIZE_SELF,STABILIZE_SELF
STABILIZE_SELF,STABILIZE_SELF
STABILIZE_SELF,STABILIZE_SELF
STABILIZE_SELF,STABILIZE_SELF
STABILIZE_SELF,STABILIZE_SELF
STABILIZE_SELF,STABILIZE_SELF
STABILIZE_SELF,STABILIZE_SELF
DEPRECIATION,STABILIZE_SELF
STABILIZE_SELF,STABILIZE_SELF
STABILIZE_SELF,STABILIZE_SELF
STABILIZE_SELF,STABILIZE_SELF
DEPRECIATION,STABILIZE_SELF
ATTACK_SELF,STABILIZE_SELF
STABILIZE_SELF,STABILIZE_SELF
STABILIZE_SELF,STABILIZE_SELF
STABILIZE_SELF,STABILIZE_SELF
STABILIZE_SELF,STABILIZE_SELF
STABILIZE_SELF,STABILIZE_SELF
STABILIZE_SELF,STABILIZE_SELF
STABILIZE_SELF,STABILIZE_SELF
STABILIZE_SELF,STABILIZE_SELF
STABILIZE_SELF,STABILIZE_SELF
STABILIZE_SELF,STABILIZE_SELF
STABILIZE_SELF,STABILIZE_SELF
STABILIZE_SELF,STABILIZE_SELF
STABILIZE_SELF,STABILIZE_SELF
STABILIZE_SELF,STABILIZE_SELF
STABILIZE_SELF,STABILIZE_SELF
STABILIZE_SELF,STABILIZE_SELF
STABILIZE_SELF,STABILIZE_SELF
STABILIZE_SELF,STABILIZE_SELF
STABILIZE_SELF,STABILIZE_SELF
STABILIZE_SELF,STABILIZE_SELF
STABILIZE_SELF,STABILIZE_SELF
STABILIZE_SELF,STABILIZE_SELF
STABILIZE_SELF,STABILIZE_SELF
STABILIZE_SELF,STABILIZE_SELF
STABILIZE_SELF,STABILIZE_SELF
STABILIZE_SELF,STABILIZE_SELF
STABILIZE_SELF,STABILIZE_SELF
STABILIZE_SELF,STABILIZE_SELF
STABILIZE_SELF,STABILIZE_SELF
AVOIDANCE,STABILIZE_SELF
STABILIZE_SELF,STABILIZE_SELF
STABILIZE_SELF,STABILIZE_SELF
STABILIZE_SELF,STABILIZE_SELF
ATTACK_SELF,STABILIZE_SELF
ATTACK_SELF,STABILIZE_SELF
STABILIZE_SELF,STABILIZE_SELF
AVOIDANCE,STABILIZE_SELF
REST,STABILIZE_SELF
STABILIZE_SELF,STABILIZE_SELF
STABILIZE_SELF,STABILIZE_SELF
STABILIZE_SELF,STABILIZE_SELF
STABILIZE_SELF,STABILIZE_SELF
STABILIZE_SELF,STABILIZE_SELF
STABILIZE_SELF,STABILIZE_SELF
REST,STABILIZE_SELF
STABILIZE_SELF,STABILIZE_SELF
STABILIZE_SELF,STABILIZE_SELF
STABILIZE_SELF,STABILIZE_SELF
STABILIZE_SELF,STABILIZE_SELF
STABILIZE_SELF,STABILIZE_SELF
STABILIZE_SELF,STABILIZE_SELF
STABILIZE_SELF,STABILIZE_SELF
STABILIZE_SELF,STABILIZE_SELF
STABILIZE_SELF,STABILIZE_SELF
STABILIZE_SELF,STABILIZE_SELF
STABILIZE_SELF,STABILIZE_SELF
STABILIZE_SELF,STABILIZE_SELF
STABILIZE_SELF,STABILIZE_SELF
STABILIZE_SELF,STABILIZE_SELF
STABILIZE_SELF,STABILIZE_SELF
STABILIZE_SELF,STABILIZE_SELF
STABILIZE_SELF,STABILIZE_SELF
STABILIZE_SELF,STABILIZE_SELF
STABILIZE_SELF,STABILIZE_SELF
ATTACK_SELF,STABILIZE_SELF
STABILIZE_SELF,STABILIZE_SELF
STABILIZE_SELF,STABILIZE_SELF
STABILIZE_SELF,STABILIZE_SELF
STABILIZE_SELF,STABILIZE_SELF
STABILIZE_SELF,STABILIZE_SELF
STABILIZE_SELF,STABILIZE_SELF
STABILIZE_SELF,STABILIZE_SELF
STABILIZE_SELF,STABILIZE_SELF
STABILIZE_SELF,STABILIZE_SELF
STABILIZE_SELF,STABILIZE_SELF
STABILIZE_SELF,STABILIZE_SELF
STABILIZE_SELF,STABILIZE_SELF
STABILIZE_SELF,STABILIZE_SELF
STABILIZE_SELF,STABILIZE_SELF
ATTACK_OTHER,STABILIZE_SELF
STABILIZE_SELF,STABILIZE_SELF
STABILIZE_SELF,STABILIZE_SELF
STABILIZE_SELF,STABILIZE_SELF
ATTACK_SELF,STABILIZE_SELF
STABILIZE_SELF,STABILIZE_SELF
STABILIZE_SELF,STABILIZE_SELF
STABILIZE_SELF,STABILIZE_SELF
STABILIZE_SELF,STABILIZE_SELF
STABILIZE_SELF,STABILIZE_SELF
STABILIZE_SELF,STABILIZE_SELF
STABILIZE_SELF,STABILIZE_SELF
STABILIZE_SELF,STABILIZE_SELF
STABILIZE_SELF,STABILIZE_SELF
STABILIZE_SELF,STABILIZE_SELF
STABILIZE_SELF,STABILIZE_SELF
STABILIZE_SELF,STABILIZE_SELF
STABILIZE_SELF,STABILIZE_SELF
STABILIZE_SELF,STABILIZE_SELF
STABILIZE_SELF,STABILIZE_SELF
STABILIZE_SELF,STABILIZE_SELF
STABILIZE_SELF,STABILIZE_SELF
WITHDRAWAL,STABILIZE_SELF
STABILIZE_SELF,STABILIZE_SELF
STABILIZE_SELF,STABILIZE_SELF
STABILIZE_SELF,STABILIZE_SELF
STABILIZE_SELF,STABILIZE_SELF
STABILIZE_SELF,STABILIZE_SELF
STABILIZE_SELF,STABILIZE_SELF
STABILIZE_SELF,STABILIZE_SELF
STABILIZE_SELF,STABILIZE_SELF
AVOIDANCE,STABILIZE_SELF
AVOIDANCE,STABILIZE_SELF
STABILIZE_SELF,STABILIZE_SELF
STABILIZE_SELF,STABILIZE_SELF
STABILIZE_SELF,STABILIZE_SELF
STABILIZE_SELF,STABILIZE_SELF
STABILIZE_SELF,STABILIZE_SELF
STABILIZE_SELF,STABILIZE_SELF
STABILIZE_SELF,STABILIZE_SELF
STABILIZE_SELF,STABILIZE_SELF
STABILIZE_SELF,STABILIZE_SELF
STABILIZE_SELF,STABILIZE_SELF
STABILIZE_SELF,STABILIZE_SELF
STABILIZE_SELF,STABILIZE_SELF
ATTACK_SELF,STABILIZE_SELF
STABILIZE_SELF,STABILIZE_SELF
STABILIZE_SELF,STABILIZE_SELF
STABILIZE_SELF,STABILIZE_SELF
STABILIZE_SELF,STABILIZE_SELF
STABILIZE_SELF,STABILIZE_SELF
STABILIZE_SELF,STABILIZE_SELF
STABILIZE_SELF,STABILIZE_SELF
STABILIZE_SELF,STABILIZE_SELF
STABILIZE_SELF,STABILIZE_SELF
STABILIZE_SELF,STABILIZE_SELF
STABILIZE_SELF,STABILIZE_SELF
STABILIZE_SELF,STABILIZE_SELF
STABILIZE_SELF,STABILIZE_SELF
STABILIZE_SELF,STABILIZE_SELF
STABILIZE_SELF,STABILIZE_SELF
STABILIZE_SELF,STABILIZE_SELF
STABILIZE_SELF,STABILIZE_SELF
STABILIZE_SELF,STABILIZE_SELF
STABILIZE_SELF,STABILIZE_SELF
STABILIZE_SELF,STABILIZE_SELF
STABILIZE_SELF,STABILIZE_SELF
STABILIZE_SELF,STABILIZE_SELF
STABILIZE_SELF,STABILIZE_SELF
STABILIZE_SELF,STABILIZE_SELF
STABILIZE_SELF,STABILIZE_SELF
STABILIZE_SELF,STABILIZE_SELF
STABILIZE_SELF,STABILIZE_SELF
STABILIZE_SELF,STABILIZE_SELF
STABILIZE_SELF,STABILIZE_SELF
WITHDRAWAL,STABILIZE_SELF
STABILIZE_SELF,STABILIZE_SELF
STABILIZE_SELF,STABILIZE_SELF
STABILIZE_SELF,STABILIZE_SELF
STABILIZE_SELF,STABILIZE_SELF
STABILIZE_SELF,STABILIZE_SELF
STABILIZE_SELF,STABILIZE_SELF
STABILIZE_SELF,STABILIZE_SELF
STABILIZE_SELF,STABILIZE_SELF
STABILIZE_SELF,STABILIZE_SELF
STABILIZE_SELF,STABILIZE_SELF
STABILIZE_SELF,STABILIZE_SELF
STABILIZE_SELF,STABILIZE_SELF
ATTACK_SELF,STABILIZE_SELF
STABILIZE_SELF,STABILIZE_SELF
STABILIZE_SELF,STABILIZE_SELF
STABILIZE_SELF,STABILIZE_SELF
STABILIZE_SELF,STABILIZE_SELF
STABILIZE_SELF,STABILIZE_SELF
STABILIZE_SELF,STABILIZE_SELF
STABILIZE_SELF,STABILIZE_SELF
STABILIZE_SELF,STABILIZE_SELF
STABILIZE_SELF,STABILIZE_SELF
STABILIZE_SELF,STABILIZE_SELF
STABILIZE_SELF,STABILIZE_SELF
STABILIZE_SELF,STABILIZE_SELF
STABILIZE_SELF,STABILIZE_SELF
STABILIZE_SELF,STABILIZE_SELF
STABILIZE_SELF,STABILIZE_SELF
STABILIZE_SELF,STABILIZE_SELF
STABILIZE_SELF,STABILIZE_SELF
STABILIZE_SELF,STABILIZE_SELF
STABILIZE_SELF,STABILIZE_SELF
STABILIZE_SELF,STABILIZE_SELF
REST,STABILIZE_SELF
STABILIZE_SELF,STABILIZE_SELF
STABILIZE_SELF,STABILIZE_SELF
STABILIZE_SELF,STABILIZE_SELF
STABILIZE_SELF,STABILIZE_SELF
STABILIZE_SELF,STABILIZE_SELF
STABILIZE_SELF,STABILIZE_SELF
STABILIZE_SELF,STABILIZE_SELF
STABILIZE_SELF,STABILIZE_SELF
STABILIZE_SELF,STABILIZE_SELF
STABILIZE_SELF,STABILIZE_SELF
STABILIZE_SELF,STABILIZE_SELF
STABILIZE_SELF,STABILIZE_SELF
STABILIZE_SELF,STABILIZE_SELF
DEPRECIATION,STABILIZE_SELF
STABILIZE_SELF,STABILIZE_SELF
DEPRECIATION,STABILIZE_SELF
STABILIZE_SELF,STABILIZE_SELF
STABILIZE_SELF,STABILIZE_SELF
STABILIZE_SELF,STABILIZE_SELF
STABILIZE_SELF,STABILIZE_SELF
WITHDRAWAL,STABILIZE_SELF
STABILIZE_SELF,STABILIZE_SELF
STABILIZE_SELF,STABILIZE_SELF
STABILIZE_SELF,STABILIZE_SELF
STABILIZE_SELF,STABILIZE_SELF
STABILIZE_SELF,STABILIZE_SELF
STABILIZE_SELF,STABILIZE_SELF
STABILIZE_SELF,STABILIZE_SELF
STABILIZE_SELF,STABILIZE_SELF
ATTACK_SELF,STABILIZE_SELF
STABILIZE_SELF,STABILIZE_SELF
STABILIZE_SELF,STABILIZE_SELF
STABILIZE_SELF,STABILIZE_SELF
STABILIZE_SELF,STABILIZE_SELF
STABILIZE_SELF,STABILIZE_SELF
STABILIZE_SELF,STABILIZE_SELF
STABILIZE_SELF,STABILIZE_SELF
STABILIZE_SELF,STABILIZE_SELF
STABILIZE_SELF,STABILIZE_SELF
STABILIZE_SELF,STABILIZE_SELF
STABILIZE_SELF,STABILIZE_SELF
STABILIZE_SELF,STABILIZE_SELF
REST,STABILIZE_SELF
STABILIZE_SELF,STABILIZE_SELF
STABILIZE_SELF,STABILIZE_SELF
STABILIZE_SELF,STABILIZE_SELF
STABILIZE_SELF,STABILIZE_SELF
STABILIZE_SELF,STABILIZE_SELF
STABILIZE_SELF,STABILIZE_SELF
STABILIZE_SELF,STABILIZE_SELF
STABILIZE_SELF,STABILIZE_SELF
STABILIZE_SELF,STABILIZE_SELF
STABILIZE_SELF,STABILIZE_SELF
STABILIZE_SELF,STABILIZE_SELF
STABILIZE_SELF,STABILIZE_SELF
STABILIZE_SELF,STABILIZE_SELF
STABILIZE_SELF,STABILIZE_SELF
STABILIZE_SELF,STABILIZE_SELF
STABILIZE_SELF,STABILIZE_SELF
STABILIZE_SELF,STABILIZE_SELF
STABILIZE_SELF,STABILIZE_SELF
STABILIZE_SELF,STABILIZE_SELF
REST,STABILIZE_SELF
STABILIZE_SELF,STABILIZE_SELF
DEPRECIATION,STABILIZE_SELF
STABILIZE_SELF,STABILIZE_SELF
STABILIZE_SELF,STABILIZE_SELF
STABILIZE_SELF,STABILIZE_SELF
STABILIZE_SELF,STABILIZE_SELF
STABILIZE_SELF,STABILIZE_SELF
ATTACK_OTHER,STABILIZE_SELF
STABILIZE_SELF,STABILIZE_SELF
STABILIZE_SELF,STABILIZE_SELF
STABILIZE_SELF,STABILIZE_SELF
STABILIZE_SELF,STABILIZE_SELF
STABILIZE_SELF,STABILIZE_SELF
ATTACK_OTHER,STABILIZE_SELF
STABILIZE_SELF,STABILIZE_SELF
STABILIZE_SELF,STABILIZE_SELF
AVOIDANCE,STABILIZE_SELF
STABILIZE_SELF,STABILIZE_SELF
STABILIZE_SELF,STABILIZE_SELF
STABILIZE_SELF,STABILIZE_SELF
